metric,value
Debt-to-Equity,0.4939112388631132
Net Profit Margin,0.4261041260042667
Return on Assets,0.14989541252175578
